neuropil,rows,synapses,system
ME_R,488839,5312857,optic_lobe
ME_L,421151,4407491,optic_lobe
GNG,155111,2100351,gnathic
LO_R,232176,1996336,optic_lobe
LO_L,219046,1899765,optic_lobe
AVLP_R,131152,1496319,central_brain_other
AVLP_L,98418,1093112,central_brain_other
LOP_R,115374,1066510,optic_lobe
PVLP_L,82315,612796,central_brain_other
FB,49145,603255,central_complex
AL_L,36659,586308,olfactory
LOP_L,68368,577408,optic_lobe
AL_R,36826,553472,olfactory
SMP_R,69331,550203,central_brain_other
SPS_R,69996,547099,gnathic
PLP_L,73308,489289,central_brain_other
PVLP_R,71855,487420,central_brain_other
SMP_L,62718,485734,central_brain_other
PLP_R,65621,433433,central_brain_other
SPS_L,57941,424561,gnathic
LH_R,47102,410947,olfactory
SAD,68539,382112,central_complex
IPS_L,44537,381285,gnathic
SLP_R,59171,378821,central_brain_other
IPS_R,44102,370921,gnathic
LH_L,41132,366608,olfactory
LAL_R,31592,358368,optic_lobe
LAL_L,34071,349412,optic_lobe
PRW,32087,272439,gnathic
SLP_L,44015,253955,central_brain_other
ICL_R,44900,244068,central_complex
EB,17022,231478,central_complex
VES_R,29167,230022,olfactory/lateral
MB_CA_L,20576,224740,olfactory/lateral
ICL_L,40552,216468,central_complex
CRE_R,37359,214291,central_brain_other
VES_L,27454,210491,olfactory/lateral
CRE_L,36450,197159,central_brain_other
MB_CA_R,20118,194659,olfactory/lateral
WED_R,31552,189131,gnathic
LA_R,17543,183508,optic_lobe
SCL_R,44354,178063,other
AOTU_R,14440,155671,optic_lobe
SCL_L,37251,149784,other
WED_L,27452,149106,gnathic
MB_ML_L,23461,144813,olfactory/lateral
SIP_R,28714,143479,central_brain_other
AOTU_L,12139,125719,optic_lobe
LA_L,10482,121161,optic_lobe
SIP_L,26299,114732,central_brain_other
IB_R,22765,107306,other
MB_ML_R,19641,102884,olfactory/lateral
IB_L,21250,94883,other
FLA_R,17993,94440,other
NO,6403,80420,central_complex
AMMC_L,13398,72098,antennal_mechanosensory
AMMC_R,12217,71145,antennal_mechanosensory
FLA_L,14969,70822,other
MB_PED_L,17489,64857,olfactory/lateral
MB_PED_R,18605,62685,olfactory/lateral
MB_VL_R,12072,58633,olfactory/lateral
GOR_R,13544,54198,central_brain_other
GOR_L,12641,52526,central_brain_other
MB_VL_L,12957,48306,olfactory/lateral
PB,5675,47067,central_complex
EPA_L,11651,42246,central_brain_other
EPA_R,9605,35691,central_brain_other
ATL_L,6334,23981,other
ATL_R,5838,21993,other
GA_L,1843,12826,central_complex
CAN_R,3860,11828,central_complex
CAN_L,2997,10389,central_complex
AME_R,1400,9199,optic_lobe
GA_R,1318,8732,central_complex
BU_R,1043,8685,other
AME_L,1424,7651,optic_lobe
OCG,618,6502,other
BU_L,632,3158,other
UNASGD,713,1285,other
